{
  "IcoMoonType": "selection",
  "icons": [
    {
      "icon": {
        "paths": [
          "M1073.714 544c0 13.714-8.571 27.429-17.714 37.714l-192 226.286c-33.143 38.857-100.571 69.714-150.857 69.714h-621.714c-20.571 0-49.714-6.286-49.714-32 0-13.714 8.571-27.429 17.714-37.714l192-226.286c33.143-38.857 100.571-69.714 150.857-69.714h621.714c20.571 0 49.714 6.286 49.714 32zM877.714 347.429v91.429h-475.429c-71.429 0-160 40.571-206.286 95.429l-195.429 229.714c0-4.571-0.571-9.714-0.571-14.286v-548.571c0-70.286 57.714-128 128-128h182.857c70.286 0 128 57.714 128 128v18.286h310.857c70.286 0 128 57.714 128 128z"
        ],
        "attrs": [
          {}
        ],
        "width": 1074,
        "isMulticolor": false,
        "isMulticolor2": false,
        "tags": [
          "folder-open"
        ],
        "grid": 14
      },
      "attrs": [
        {}
      ],
      "properties": {
        "order": 1,
        "id": 1,
        "prevSize": 12,
        "name": "folder-open"
      },
      "setIdx": 0,
      "setId": 2,
      "iconIdx": 0
    },
    {
      "icon": {
        "paths": [
          "M950.857 347.429v402.286c0 70.286-57.714 128-128 128h-694.857c-70.286 0-128-57.714-128-128v-548.571c0-70.286 57.714-128 128-128h182.857c70.286 0 128 57.714 128 128v18.286h384c70.286 0 128 57.714 128 128z"
        ],
        "attrs": [
          {}
        ],
        "width": 951,
        "isMulticolor": false,
        "isMulticolor2": false,
        "tags": [
          "folder"
        ],
        "grid": 14
      },
      "attrs": [
        {}
      ],
      "properties": {
        "order": 1,
        "id": 0,
        "prevSize": 12,
        "name": "folder"
      },
      "setIdx": 0,
      "setId": 2,
      "iconIdx": 1
    }
  ],
  "height": 1024,
  "preferences": {
    "showGlyphs": true,
    "showQuickUse": true,
    "showQuickUse2": true,
    "showSVGs": true,
    "fontPref": {
      "prefix": "icon-",
      "metadata": {
        "fontFamily": "icomoon"
      },
      "metrics": {
        "emSize": 1024,
        "baseline": 6.25,
        "whitespace": 50
      },
      "embed": false
    },
    "imagePref": {
      "prefix": "icon-",
      "png": true,
      "useClassSelector": true,
      "color": 0,
      "bgColor": 16777215,
      "classSelector": ".icon",
      "name": "icomoon"
    },
    "historySize": 50,
    "showCodes": true,
    "gridSize": 16
  }
}